Date;DomesticWater_m3;WarmTapWater_m3;DistrictHeating_kWh;Electricity_of_cooling_machines_kWh;Total_Electricity_kWh
1.10.2016 0:00;0;0;120;78;285
1.10.2016 1:00;0;0;130;78;279
1.10.2016 2:00;0;0;130;78;282
1.10.2016 3:00;0;0;150;78;282
1.10.2016 4:00;0;0;160;81;281
1.10.2016 5:00;0;0;160;78;283
1.10.2016 6:00;0;0;160;78;283
1.10.2016 7:00;0;0;180;78;300
1.10.2016 8:00;0,01;0,01;260;81;339
1.10.2016 9:00;0,02;0,02;240;78;349
1.10.2016 10:00;0,01;0,01;230;78;346
1.10.2016 11:00;0,01;0,01;210;81;340
1.10.2016 12:00;0;0;200;78;340
1.10.2016 13:00;0,01;0,01;190;78;342
1.10.2016 14:00;0;0;170;78;343
1.10.2016 15:00;0,01;0,01;170;81;343
1.10.2016 16:00;0;0;150;78;332
1.10.2016 17:00;0;0;140;78;319
1.10.2016 18:00;0;0;120;78;292
1.10.2016 19:00;0;0;180;81;290
1.10.2016 20:00;0;0;190;78;290
1.10.2016 21:00;0;0;200;78;293
1.10.2016 22:00;0;0;210;78;290
1.10.2016 23:00;0;0;210;75;291
2.10.2016 0:00;0;0;210;78;286
2.10.2016 1:00;0;0;220;78;279
2.10.2016 2:00;0;0;220;81;280
2.10.2016 3:00;0;0;230;78;281
2.10.2016 4:00;0;0;260;78;281
2.10.2016 5:00;0;0;260;78;282
2.10.2016 6:00;0;0;280;78;280
2.10.2016 7:00;0;0;310;78;292
2.10.2016 8:00;0,01;0,01;360;78;309
2.10.2016 9:00;0;0;350;78;308
2.10.2016 10:00;0,01;0,01;330;81;306
2.10.2016 11:00;0,01;0,01;270;78;307
2.10.2016 12:00;0;0;210;78;309
2.10.2016 13:00;0,01;0,01;210;81;310
2.10.2016 14:00;0;0;190;78;307
2.10.2016 15:00;0,01;0,01;170;75;302
2.10.2016 16:00;0;0;180;63;293
2.10.2016 17:00;0,01;0,01;150;78;300
2.10.2016 18:00;0;0;180;81;292
2.10.2016 19:00;0;0;190;78;281
2.10.2016 20:00;0;0;200;78;280
2.10.2016 21:00;0;0;220;78;280
2.10.2016 22:00;0;0;230;78;276
2.10.2016 23:00;0;0;220;78;280
3.10.2016 0:00;0;0;240;78;277
3.10.2016 1:00;0;0;240;81;279
3.10.2016 2:00;0;0;250;78;280
3.10.2016 3:00;0;0;250;78;281
3.10.2016 4:00;0;0;270;78;280
3.10.2016 5:00;0;0;280;78;290
3.10.2016 6:00;0,02;0,02;340;75;315
3.10.2016 7:00;0,05;0,05;420;75;368
3.10.2016 8:00;0,05;0,05;480;81;420
3.10.2016 9:00;0,07;0,07;480;78;435
3.10.2016 10:00;0,03;0,03;430;81;478
3.10.2016 11:00;0,12;0,12;430;81;487
3.10.2016 12:00;0,06;0,06;390;81;494
3.10.2016 13:00;0,05;0,05;310;81;500
3.10.2016 14:00;0,04;0,04;250;81;498
3.10.2016 15:00;0,1;0,1;230;84;491
3.10.2016 16:00;0,01;0,01;240;84;480
3.10.2016 17:00;0,02;0,02;240;81;463
3.10.2016 18:00;0,07;0,07;240;81;408
3.10.2016 19:00;0,01;0,01;240;78;369
3.10.2016 20:00;0,01;0,01;240;75;331
3.10.2016 21:00;0;0;240;78;321
3.10.2016 22:00;0;0;260;78;308
3.10.2016 23:00;0;0;270;78;302
4.10.2016 0:00;0;0;260;78;301
4.10.2016 1:00;0;0;270;78;306
4.10.2016 2:00;0;0;270;78;302
4.10.2016 3:00;0;0;290;78;301
4.10.2016 4:00;0;0;320;78;300
4.10.2016 5:00;0;0;340;78;312
4.10.2016 6:00;0,02;0,02;380;75;320
4.10.2016 7:00;0,07;0,07;500;78;371
4.10.2016 8:00;0,09;0,09;610;75;424
4.10.2016 9:00;0,18;0,18;600;60;413
4.10.2016 10:00;0,07;0,07;560;57;466
4.10.2016 11:00;0,09;0,09;520;75;443
4.10.2016 12:00;0,05;0,05;480;57;413
4.10.2016 13:00;0,05;0,05;410;57;436
4.10.2016 14:00;0,08;0,08;380;75;477
4.10.2016 15:00;0,13;0,13;400;75;459
4.10.2016 16:00;0,04;0,04;440;75;482
4.10.2016 17:00;0,05;0,05;390;75;436
4.10.2016 18:00;0,03;0,03;350;72;409
4.10.2016 19:00;0,01;0,01;320;57;357
4.10.2016 20:00;0;0;270;60;324
4.10.2016 21:00;0;0;270;69;328
4.10.2016 22:00;0;0;280;57;298
4.10.2016 23:00;0;0;270;54;293
5.10.2016 0:00;0;0;260;57;292
5.10.2016 1:00;0;0;260;54;291
5.10.2016 2:00;0;0;260;66;301
5.10.2016 3:00;0;0;290;63;301
5.10.2016 4:00;0;0;310;57;286
5.10.2016 5:00;0;0;330;60;297
5.10.2016 6:00;0,01;0,01;390;54;325
5.10.2016 7:00;0,04;0,04;520;54;395
5.10.2016 8:00;0,13;0,13;580;75;463
5.10.2016 9:00;0,12;0,12;530;57;464
5.10.2016 10:00;0,08;0,08;480;72;492
5.10.2016 11:00;0,1;0,1;460;72;485
5.10.2016 12:00;0,09;0,09;440;75;494
5.10.2016 13:00;0,04;0,04;390;75;501
5.10.2016 14:00;0,06;0,06;360;72;491
5.10.2016 15:00;0,08;0,08;340;75;488
5.10.2016 16:00;0,03;0,03;300;75;477
5.10.2016 17:00;0,01;0,01;280;75;455
5.10.2016 18:00;0,09;0,09;340;72;414
5.10.2016 19:00;0;0;340;57;370
5.10.2016 20:00;0,01;0,01;350;57;342
5.10.2016 21:00;0;0;370;54;337
5.10.2016 22:00;0;0;380;69;335
5.10.2016 23:00;0;0;390;57;321
6.10.2016 0:00;0;0;310;54;303
6.10.2016 1:00;0;0;250;54;294
6.10.2016 2:00;0;0;250;54;292
6.10.2016 3:00;0;0;280;60;293
6.10.2016 4:00;0;0;300;54;293
6.10.2016 5:00;0;0;310;54;304
6.10.2016 6:00;0,01;0,01;370;54;330
6.10.2016 7:00;0,09;0,09;460;54;389
6.10.2016 8:00;0,06;0,06;540;54;433
6.10.2016 9:00;0,08;0,08;500;57;470
6.10.2016 10:00;0,07;0,07;470;72;487
6.10.2016 11:00;0,13;0,13;380;75;486
6.10.2016 12:00;0,06;0,06;350;72;488
6.10.2016 13:00;0,09;0,09;320;75;493
6.10.2016 14:00;0,05;0,05;310;72;485
6.10.2016 15:00;0,11;0,11;290;75;452
6.10.2016 16:00;0,1;0,1;280;75;518
6.10.2016 17:00;0;0;260;78;503
6.10.2016 18:00;0,01;0,01;280;75;414
6.10.2016 19:00;0;0;270;54;360
6.10.2016 20:00;0;0;230;54;333
6.10.2016 21:00;0;0;240;57;320
6.10.2016 22:00;0;0;260;57;306
6.10.2016 23:00;0;0;240;54;305
7.10.2016 0:00;0;0;250;57;307
7.10.2016 1:00;0;0;270;60;304
7.10.2016 2:00;0;0;250;54;298
7.10.2016 3:00;0;0;270;51;294
7.10.2016 4:00;0;0;310;54;295
7.10.2016 5:00;0;0;330;48;297
7.10.2016 6:00;0,01;0,01;380;45;324
7.10.2016 7:00;0,06;0,06;480;48;385
7.10.2016 8:00;0,07;0,07;550;54;439
7.10.2016 9:00;0,07;0,07;510;72;442
7.10.2016 10:00;0,08;0,08;470;63;529
7.10.2016 11:00;0,08;0,08;470;75;530
7.10.2016 12:00;0,11;0,11;420;75;536
7.10.2016 13:00;0,12;0,12;370;75;535
7.10.2016 14:00;0,04;0,04;310;75;491
7.10.2016 15:00;0,14;0,14;260;72;473
7.10.2016 16:00;0,01;0,01;230;81;443
7.10.2016 17:00;0,01;0,01;230;75;403
7.10.2016 18:00;0,02;0,02;280;75;394
7.10.2016 19:00;0,01;0,01;280;54;346
7.10.2016 20:00;0;0;220;54;312
7.10.2016 21:00;0;0;230;54;304
7.10.2016 22:00;0;0;220;57;281
7.10.2016 23:00;0;0;220;57;272
8.10.2016 0:00;0;0;210;57;269
8.10.2016 1:00;0;0;220;54;270
8.10.2016 2:00;0;0;210;54;271
8.10.2016 3:00;0;0;220;57;268
8.10.2016 4:00;0;0;250;54;265
8.10.2016 5:00;0;0;240;57;267
8.10.2016 6:00;0;0;250;54;265
8.10.2016 7:00;0;0;270;60;276
8.10.2016 8:00;0;0;320;54;301
8.10.2016 9:00;0;0;360;54;309
8.10.2016 10:00;0;0;360;51;303
8.10.2016 11:00;0;0;320;51;306
8.10.2016 12:00;0,01;0,01;300;69;318
8.10.2016 13:00;0;0;300;54;305
8.10.2016 14:00;0;0;270;51;303
8.10.2016 15:00;0,01;0,01;230;66;310
8.10.2016 16:00;0;0;230;75;320
8.10.2016 17:00;0;0;230;57;292
8.10.2016 18:00;0,01;0,01;210;54;272
8.10.2016 19:00;0;0;200;51;263
8.10.2016 20:00;0;0;220;51;262
8.10.2016 21:00;0;0;220;51;260
8.10.2016 22:00;0;0;220;51;262
8.10.2016 23:00;0;0;230;57;264
9.10.2016 0:00;0;0;220;57;266
9.10.2016 1:00;0;0;250;72;277
9.10.2016 2:00;0;0;240;57;268
9.10.2016 3:00;0;0;250;54;270
9.10.2016 4:00;0;0;280;57;267
9.10.2016 5:00;0;0;270;57;267
9.10.2016 6:00;0;0;260;60;267
9.10.2016 7:00;0;0;300;57;276
9.10.2016 8:00;0;0;330;54;285
9.10.2016 9:00;0;0;340;60;287
9.10.2016 10:00;0;0;320;66;293
9.10.2016 11:00;0;0;330;63;290
9.10.2016 12:00;0;0;330;54;281
9.10.2016 13:00;0;0;300;54;282
9.10.2016 14:00;0;0;280;57;284
9.10.2016 15:00;0,01;0,01;300;57;288
9.10.2016 16:00;0;0;310;54;284
9.10.2016 17:00;0;0;280;57;275
9.10.2016 18:00;0;0;240;54;267
9.10.2016 19:00;0;0;260;54;265
9.10.2016 20:00;0;0;260;54;268
9.10.2016 21:00;0;0;270;57;268
9.10.2016 22:00;0;0;290;54;264
9.10.2016 23:00;0;0;280;54;266
10.10.2016 0:00;0;0;270;54;263
10.10.2016 1:00;0;0;270;45;259
10.10.2016 2:00;0;0;280;48;261
10.10.2016 3:00;0;0;280;48;258
10.10.2016 4:00;0;0;320;54;264
10.10.2016 5:00;0;0;320;57;276
10.10.2016 6:00;0,02;0,02;360;51;298
10.10.2016 7:00;0,07;0,07;440;54;360
10.10.2016 8:00;0,09;0,09;500;54;410
10.10.2016 9:00;0,08;0,08;500;48;408
10.10.2016 10:00;0,12;0,12;450;54;439
10.10.2016 11:00;0,09;0,09;430;75;489
10.10.2016 12:00;0,07;0,07;420;78;485
10.10.2016 13:00;0,07;0,07;380;75;489
10.10.2016 14:00;0,12;0,12;340;78;485
10.10.2016 15:00;0,08;0,08;330;75;480
10.10.2016 16:00;0,03;0,03;300;75;473
10.10.2016 17:00;0;0;320;75;458
10.10.2016 18:00;0,04;0,04;340;51;385
10.10.2016 19:00;0;0;270;51;351
10.10.2016 20:00;0;0;240;63;321
10.10.2016 21:00;0;0;240;54;314
10.10.2016 22:00;0;0;250;51;294
10.10.2016 23:00;0;0;240;54;298
11.10.2016 0:00;0;0;230;54;296
11.10.2016 1:00;0;0;240;54;297
11.10.2016 2:00;0;0;240;51;296
11.10.2016 3:00;0;0;250;60;299
11.10.2016 4:00;0;0;280;51;295
11.10.2016 5:00;0;0;280;54;308
11.10.2016 6:00;0,02;0,02;330;51;331
11.10.2016 7:00;0,06;0,06;390;45;375
11.10.2016 8:00;0,05;0,05;470;54;432
11.10.2016 9:00;0,15;0,15;460;66;469
11.10.2016 10:00;0,16;0,16;470;78;543
11.10.2016 11:00;0,08;0,08;460;78;554
11.10.2016 12:00;0,09;0,09;470;75;536
11.10.2016 13:00;0,2;0,2;440;75;526
11.10.2016 14:00;0,11;0,11;410;75;518
11.10.2016 15:00;0,14;0,14;410;75;526
11.10.2016 16:00;0,04;0,04;410;78;517
11.10.2016 17:00;0,02;0,02;400;75;448
11.10.2016 18:00;0,01;0,01;410;54;393
11.10.2016 19:00;0,05;0,05;350;48;350
11.10.2016 20:00;0,01;0,01;270;48;312
11.10.2016 21:00;0;0;280;48;308
11.10.2016 22:00;0;0;290;48;295
11.10.2016 23:00;0;0;260;45;284
12.10.2016 0:00;0;0;260;48;279
12.10.2016 1:00;0;0;250;51;287
12.10.2016 2:00;0;0;260;54;284
12.10.2016 3:00;0;0;260;54;285
12.10.2016 4:00;0;0;290;51;282
12.10.2016 5:00;0;0;300;54;294
12.10.2016 6:00;0,01;0,01;370;51;324
12.10.2016 7:00;0,07;0,07;410;51;377
12.10.2016 8:00;0,14;0,14;540;51;426
12.10.2016 9:00;0,08;0,08;550;54;463
12.10.2016 10:00;0,07;0,07;480;75;483
12.10.2016 11:00;0,08;0,08;470;72;487
12.10.2016 12:00;0,06;0,06;510;75;498
12.10.2016 13:00;0,14;0,14;520;72;516
12.10.2016 14:00;0,05;0,05;520;75;498
12.10.2016 15:00;0,03;0,03;490;75;501
12.10.2016 16:00;0,03;0,03;480;75;486
12.10.2016 17:00;0,03;0,03;480;78;465
12.10.2016 18:00;0,05;0,05;490;51;405
12.10.2016 19:00;0,02;0,02;440;54;364
12.10.2016 20:00;0,01;0,01;430;51;328
12.10.2016 21:00;0,02;0,02;420;54;322
12.10.2016 22:00;0;0;470;51;310
12.10.2016 23:00;0;0;440;51;308
13.10.2016 0:00;0;0;410;54;303
13.10.2016 1:00;0;0;390;51;299
13.10.2016 2:00;0;0;410;48;293
13.10.2016 3:00;0;0;410;42;292
13.10.2016 4:00;0;0;450;42;296
13.10.2016 5:00;0;0;490;51;323
13.10.2016 6:00;0,01;0,01;520;54;346
13.10.2016 7:00;0,05;0,05;480;48;400
13.10.2016 8:00;0,13;0,13;560;54;453
13.10.2016 9:00;0,25;0,25;580;45;454
13.10.2016 10:00;0,22;0,22;630;60;502
13.10.2016 11:00;0,06;0,06;610;54;500
13.10.2016 12:00;0,12;0,12;700;72;510
13.10.2016 13:00;0,36;0,36;610;75;510
13.10.2016 14:00;0,1;0,1;630;72;505
13.10.2016 15:00;0,07;0,07;580;78;509
13.10.2016 16:00;0,08;0,08;560;75;487
13.10.2016 17:00;0,07;0,07;550;60;432
13.10.2016 18:00;0,06;0,06;570;48;414
13.10.2016 19:00;0,04;0,04;470;45;372
13.10.2016 20:00;0,04;0,04;410;48;340
13.10.2016 21:00;0,07;0,07;410;57;336
13.10.2016 22:00;0,01;0,01;400;48;320
13.10.2016 23:00;0;0;410;54;316
14.10.2016 0:00;0,01;0,01;390;51;310
14.10.2016 1:00;0;0;400;54;304
14.10.2016 2:00;0;0;390;51;294
14.10.2016 3:00;0;0;400;48;290
14.10.2016 4:00;0;0;400;45;284
14.10.2016 5:00;0;0;460;42;289
14.10.2016 6:00;0,03;0,03;490;60;329
14.10.2016 7:00;0,05;0,05;550;45;378
14.10.2016 8:00;0,08;0,08;590;54;430
14.10.2016 9:00;0,08;0,08;580;51;452
14.10.2016 10:00;0,09;0,09;610;72;493
14.10.2016 11:00;0,08;0,08;570;75;491
14.10.2016 12:00;0,07;0,07;550;72;491
14.10.2016 13:00;0,06;0,06;570;72;495
14.10.2016 14:00;0,09;0,09;530;78;493
14.10.2016 15:00;0,03;0,03;530;75;484
14.10.2016 16:00;0,04;0,04;540;75;478
14.10.2016 17:00;0,01;0,01;530;75;462
14.10.2016 18:00;0;0;490;72;449
14.10.2016 19:00;0;0;440;51;359
14.10.2016 20:00;0,01;0,01;380;51;320
14.10.2016 21:00;0;0;380;54;319
14.10.2016 22:00;0;0;390;54;311
14.10.2016 23:00;0;0;380;48;303
15.10.2016 0:00;0;0;380;51;303
15.10.2016 1:00;0;0;380;54;302
15.10.2016 2:00;0;0;370;48;303
15.10.2016 3:00;0;0;380;54;307
15.10.2016 4:00;0;0;410;51;301
15.10.2016 5:00;0;0;400;45;295
15.10.2016 6:00;0;0;410;42;298
15.10.2016 7:00;0;0;420;54;311
15.10.2016 8:00;0;0;480;51;323
15.10.2016 9:00;0;0;480;54;339
15.10.2016 10:00;0;0;500;48;336
15.10.2016 11:00;0;0;470;54;334
15.10.2016 12:00;0,01;0,01;460;54;332
15.10.2016 13:00;0;0;440;48;326
15.10.2016 14:00;0;0;430;45;320
15.10.2016 15:00;0;0;430;45;319
15.10.2016 16:00;0;0;420;48;321
15.10.2016 17:00;0;0;380;51;316
15.10.2016 18:00;0;0;330;51;297
15.10.2016 19:00;0;0;320;48;290
15.10.2016 20:00;0;0;340;54;295
15.10.2016 21:00;0;0;340;51;297
15.10.2016 22:00;0;0;340;51;295
15.10.2016 23:00;0;0;330;48;296
16.10.2016 0:00;0;0;300;51;294
16.10.2016 1:00;0;0;330;51;297
16.10.2016 2:00;0;0;320;54;296
16.10.2016 3:00;0;0;330;54;294
16.10.2016 4:00;0;0;350;48;290
16.10.2016 5:00;0;0;350;42;290
16.10.2016 6:00;0;0;350;48;292
16.10.2016 7:00;0;0;390;48;294
16.10.2016 8:00;0;0;390;42;291
16.10.2016 9:00;0;0;380;51;298
16.10.2016 10:00;0;0;380;54;302
16.10.2016 11:00;0;0;360;51;299
16.10.2016 12:00;0;0;350;54;303
16.10.2016 13:00;0;0;320;51;303
16.10.2016 14:00;0,01;0,01;310;54;303
16.10.2016 15:00;0;0;280;54;298
16.10.2016 16:00;0;0;310;51;300
16.10.2016 17:00;0;0;350;51;301
16.10.2016 18:00;0;0;330;54;295
16.10.2016 19:00;0;0;340;54;298
16.10.2016 20:00;0,04;0,04;340;51;298
16.10.2016 21:00;0;0;360;48;296
16.10.2016 22:00;0;0;350;48;292
16.10.2016 23:00;0;0;340;45;288
17.10.2016 0:00;0;0;320;48;293
17.10.2016 1:00;0;0;330;51;293
17.10.2016 2:00;0;0;320;54;296
17.10.2016 3:00;0;0;330;51;290
17.10.2016 4:00;0;0;360;54;290
17.10.2016 5:00;0;0;380;54;299
17.10.2016 6:00;0,01;0,01;410;48;324
17.10.2016 7:00;0,07;0,07;460;51;376
17.10.2016 8:00;0,14;0,14;490;51;417
17.10.2016 9:00;0,16;0,16;470;57;444
17.10.2016 10:00;0,2;0,2;470;75;489
17.10.2016 11:00;0,12;0,12;440;75;484
17.10.2016 12:00;0,11;0,11;440;75;519
17.10.2016 13:00;0,19;0,19;430;75;539
17.10.2016 14:00;0,06;0,06;420;78;530
17.10.2016 15:00;0,03;0,03;420;75;532
17.10.2016 16:00;0,01;0,01;420;78;516
17.10.2016 17:00;0,02;0,02;400;78;482
17.10.2016 18:00;0,04;0,04;400;72;418
17.10.2016 19:00;0;0;340;42;340
17.10.2016 20:00;0;0;310;54;319
17.10.2016 21:00;0;0;310;45;305
17.10.2016 22:00;0;0;310;51;302
17.10.2016 23:00;0;0;310;48;301
18.10.2016 0:00;0;0;290;54;304
18.10.2016 1:00;0;0;300;54;300
18.10.2016 2:00;0;0;290;57;302
18.10.2016 3:00;0;0;290;51;305
18.10.2016 4:00;0;0;330;54;301
18.10.2016 5:00;0;0;350;51;309
18.10.2016 6:00;0,03;0,03;380;54;335
18.10.2016 7:00;0,04;0,04;410;51;381
18.10.2016 8:00;0,04;0,04;530;54;424
18.10.2016 9:00;0,06;0,06;470;54;471
18.10.2016 10:00;0,06;0,06;460;75;537
18.10.2016 11:00;0,06;0,06;460;78;541
18.10.2016 12:00;0,11;0,11;430;75;538
18.10.2016 13:00;0,05;0,05;420;78;541
18.10.2016 14:00;0,05;0,05;410;78;536
18.10.2016 15:00;0,06;0,06;390;75;532
18.10.2016 16:00;0,02;0,02;390;81;528
18.10.2016 17:00;0,02;0,02;400;78;498
18.10.2016 18:00;0;0;420;75;431
18.10.2016 19:00;0,04;0,04;360;51;361
18.10.2016 20:00;0;0;320;54;329
18.10.2016 21:00;0;0;320;51;321
18.10.2016 22:00;0;0;320;51;307
18.10.2016 23:00;0;0;310;54;302
19.10.2016 0:00;0;0;320;51;298
19.10.2016 1:00;0;0;320;51;296
19.10.2016 2:00;0;0;320;42;294
19.10.2016 3:00;0;0;330;54;298
19.10.2016 4:00;0;0;370;51;295
19.10.2016 5:00;0;0;370;48;300
19.10.2016 6:00;0,03;0,03;420;42;321
19.10.2016 7:00;0,06;0,06;440;48;380
19.10.2016 8:00;0,07;0,07;500;51;447
19.10.2016 9:00;0,3;0,3;530;78;535
19.10.2016 10:00;0,1;0,1;470;78;535
19.10.2016 11:00;0,06;0,06;450;75;534
19.10.2016 12:00;0,09;0,09;430;78;538
19.10.2016 13:00;0,04;0,04;390;78;541
19.10.2016 14:00;0,09;0,09;370;81;538
19.10.2016 15:00;0,13;0,13;390;78;529
19.10.2016 16:00;0,02;0,02;380;78;516
19.10.2016 17:00;0,02;0,02;390;78;510
19.10.2016 18:00;0,01;0,01;420;75;478
19.10.2016 19:00;0;0;370;51;361
19.10.2016 20:00;0,01;0,01;350;66;341
19.10.2016 21:00;0;0;350;51;323
19.10.2016 22:00;0;0;360;54;308
19.10.2016 23:00;0;0;350;45;299
20.10.2016 0:00;0;0;330;51;304
20.10.2016 1:00;0;0;330;51;300
20.10.2016 2:00;0;0;330;51;290
20.10.2016 3:00;0;0;350;54;293
20.10.2016 4:00;0;0;380;51;291
20.10.2016 5:00;0;0;380;60;304
20.10.2016 6:00;0,04;0,04;420;45;322
20.10.2016 7:00;0,14;0,14;460;51;375
20.10.2016 8:00;0,76;0,76;530;51;431
20.10.2016 9:00;0,13;0,13;510;75;543
20.10.2016 10:00;1,31;1,31;510;75;584
20.10.2016 11:00;0,19;0,19;440;78;557
20.10.2016 12:00;0,94;0,94;440;78;568
20.10.2016 13:00;1,54;1,54;460;78;569
20.10.2016 14:00;1,45;1,45;470;78;575
20.10.2016 15:00;0,18;0,18;430;78;546
20.10.2016 16:00;0,03;0,03;440;78;516
20.10.2016 17:00;0;0;410;54;391
20.10.2016 18:00;0,01;0,01;340;54;373
20.10.2016 19:00;0;0;310;51;336
20.10.2016 20:00;0,01;0,01;280;57;307
20.10.2016 21:00;0;0;280;69;313
20.10.2016 22:00;0;0;290;51;288
20.10.2016 23:00;0;0;250;51;279
21.10.2016 0:00;0;0;240;48;275
21.10.2016 1:00;0;0;240;54;280
21.10.2016 2:00;0;0;250;54;282
21.10.2016 3:00;0;0;260;45;271
21.10.2016 4:00;0;0;280;51;276
21.10.2016 5:00;0;0;310;45;288
21.10.2016 6:00;0;0;430;51;332
21.10.2016 7:00;0,05;0,05;490;51;382
21.10.2016 8:00;0,43;0,43;540;51;448
21.10.2016 9:00;0,06;0,06;500;78;556
21.10.2016 10:00;0,12;0,12;520;75;571
21.10.2016 11:00;0,15;0,15;540;81;574
21.10.2016 12:00;0,17;0,17;530;75;567
21.10.2016 13:00;0,08;0,08;530;75;558
21.10.2016 14:00;0,06;0,06;510;78;567
21.10.2016 15:00;0,1;0,1;520;75;557
21.10.2016 16:00;0,02;0,02;520;78;534
21.10.2016 17:00;0;0;460;75;465
21.10.2016 18:00;0;0;400;48;389
21.10.2016 19:00;0,01;0,01;340;54;352
21.10.2016 20:00;0;0;300;51;328
21.10.2016 21:00;0;0;320;51;318
21.10.2016 22:00;0;0;300;51;298
21.10.2016 23:00;0;0;290;54;302
22.10.2016 0:00;0;0;280;45;289
22.10.2016 1:00;0;0;260;60;293
22.10.2016 2:00;0;0;260;51;283
22.10.2016 3:00;0;0;260;45;273
22.10.2016 4:00;0;0;290;45;279
22.10.2016 5:00;0;0;280;45;283
22.10.2016 6:00;0;0;290;54;290
22.10.2016 7:00;0;0;300;51;292
22.10.2016 8:00;0;0;330;51;305
22.10.2016 9:00;0;0;380;39;315
22.10.2016 10:00;0,01;0,01;380;48;325
22.10.2016 11:00;0;0;390;51;333
22.10.2016 12:00;0,01;0,01;380;51;330
22.10.2016 13:00;0;0;380;51;322
22.10.2016 14:00;0,01;0,01;380;51;327
22.10.2016 15:00;0;0;370;51;324
22.10.2016 16:00;0,01;0,01;380;45;312
22.10.2016 17:00;0;0;350;60;320
22.10.2016 18:00;0,01;0,01;310;42;290
22.10.2016 19:00;0;0;300;39;287
22.10.2016 20:00;0;0;270;45;288
22.10.2016 21:00;0,01;0,01;280;51;289
22.10.2016 22:00;0;0;270;51;288
22.10.2016 23:00;0;0;250;51;281
23.10.2016 0:00;0;0;240;51;280
23.10.2016 1:00;0;0;240;54;279
23.10.2016 2:00;0;0;240;54;281
23.10.2016 3:00;0;0;250;51;279
23.10.2016 4:00;0;0;260;51;282
23.10.2016 5:00;0;0;260;51;277
23.10.2016 6:00;0;0;260;51;279
23.10.2016 7:00;0;0;290;54;285
23.10.2016 8:00;0;0;290;54;285
23.10.2016 9:00;0;0;290;45;280
23.10.2016 10:00;0;0;260;42;276
23.10.2016 11:00;0;0;290;45;279
23.10.2016 12:00;0;0;280;51;285
23.10.2016 13:00;0,01;0,01;270;51;282
23.10.2016 14:00;0;0;230;51;282
23.10.2016 15:00;0,01;0,01;280;51;287
23.10.2016 16:00;0;0;290;54;289
23.10.2016 17:00;0;0;270;51;288
23.10.2016 18:00;0;0;250;39;279
23.10.2016 19:00;0,01;0,01;250;54;291
23.10.2016 20:00;0;0;260;42;280
23.10.2016 21:00;0,01;0,01;260;42;276
23.10.2016 22:00;0;0;270;51;281
23.10.2016 23:00;0;0;250;51;274
24.10.2016 0:00;0;0;240;54;273
24.10.2016 1:00;0;0;250;54;273
24.10.2016 2:00;0;0;240;45;271
24.10.2016 3:00;0;0;250;45;269
24.10.2016 4:00;0;0;270;42;265
24.10.2016 5:00;0;0;0;0;0
24.10.2016 6:00;0,02;0,02;400;51;324
24.10.2016 7:00;0,07;0,07;480;51;384
24.10.2016 8:00;0,48;0,48;510;51;443
24.10.2016 9:00;0,11;0,11;380;54;544
24.10.2016 10:00;0,13;0,13;460;75;604
24.10.2016 11:00;0,15;0,15;470;78;583
24.10.2016 12:00;0,28;0,28;450;75;598
24.10.2016 13:00;0,15;0,15;580;75;587
24.10.2016 14:00;0,38;0,38;540;75;582
24.10.2016 15:00;0,26;0,26;510;78;519
24.10.2016 16:00;0,02;0,02;490;75;499
24.10.2016 17:00;0,01;0,01;440;75;472
24.10.2016 18:00;0,06;0,06;370;66;415
24.10.2016 19:00;0;0;320;51;351
24.10.2016 20:00;0,01;0,01;250;39;308
24.10.2016 21:00;0;0;250;54;303
24.10.2016 22:00;0;0;260;51;288
24.10.2016 23:00;0;0;240;54;283
25.10.2016 0:00;0;0;240;48;272
25.10.2016 1:00;0;0;230;48;271
25.10.2016 2:00;0;0;250;57;276
25.10.2016 3:00;0;0;250;51;270
25.10.2016 4:00;0;0;280;45;264
25.10.2016 5:00;0;0;300;48;279
25.10.2016 6:00;0,02;0,02;430;48;324
25.10.2016 7:00;0,08;0,08;390;51;394
25.10.2016 8:00;0,38;0,38;370;51;450
25.10.2016 9:00;0,12;0,12;560;51;517
25.10.2016 10:00;0,11;0,11;540;72;558
25.10.2016 11:00;0,14;0,14;490;75;551
25.10.2016 12:00;0,15;0,15;550;75;545
25.10.2016 13:00;0,09;0,09;590;72;540
25.10.2016 14:00;0,13;0,13;590;78;541
25.10.2016 15:00;0,23;0,23;660;75;522
25.10.2016 16:00;0,07;0,07;610;75;506
25.10.2016 17:00;0,02;0,02;610;72;486
25.10.2016 18:00;0;0;550;54;415
25.10.2016 19:00;0,01;0,01;450;48;369
25.10.2016 20:00;0;0;380;51;339
25.10.2016 21:00;0;0;390;54;331
25.10.2016 22:00;0;0;410;51;321
25.10.2016 23:00;0;0;360;48;302
26.10.2016 0:00;0;0;370;51;322
26.10.2016 1:00;0;0;360;51;330
26.10.2016 2:00;0;0;360;45;328
26.10.2016 3:00;0;0;370;36;319
26.10.2016 4:00;0;0;380;51;330
26.10.2016 5:00;0;0;400;54;342
26.10.2016 6:00;0,04;0,04;560;48;379
26.10.2016 7:00;0,05;0,05;640;51;443
26.10.2016 8:00;0,45;0,45;620;48;500
26.10.2016 9:00;0,12;0,12;260;36;513
26.10.2016 10:00;0,14;0,14;790;63;591
26.10.2016 11:00;0,2;0,2;730;75;605
26.10.2016 12:00;0,21;0,21;660;81;643
26.10.2016 13:00;0,19;0,19;690;75;583
26.10.2016 14:00;0,14;0,14;650;75;584
26.10.2016 15:00;0,24;0,24;640;78;569
26.10.2016 16:00;0,04;0,04;660;75;548
26.10.2016 17:00;0,01;0,01;560;75;523
26.10.2016 18:00;0,01;0,01;510;75;459
26.10.2016 19:00;0,01;0,01;450;51;419
26.10.2016 20:00;0,01;0,01;410;51;393
26.10.2016 21:00;0;0;380;51;385
26.10.2016 22:00;0,01;0,01;400;42;369
26.10.2016 23:00;0;0;410;39;346
27.10.2016 0:00;0;0;380;51;338
27.10.2016 1:00;0;0;340;51;333
27.10.2016 2:00;0;0;350;51;323
27.10.2016 3:00;0;0;340;54;320
27.10.2016 4:00;0;0;330;51;274
27.10.2016 5:00;0;0;340;51;285
27.10.2016 6:00;0,02;0,02;460;48;326
27.10.2016 7:00;0,05;0,05;510;51;415
27.10.2016 8:00;0,9;0,9;580;51;464
27.10.2016 9:00;0,06;0,06;470;48;497
27.10.2016 10:00;0,37;0,37;530;81;649
27.10.2016 11:00;0,14;0,14;480;81;589
27.10.2016 12:00;0,21;0,21;480;75;603
27.10.2016 13:00;0,17;0,17;490;78;586
27.10.2016 14:00;0,47;0,47;460;75;578
27.10.2016 15:00;0,27;0,27;460;78;556
27.10.2016 16:00;0,09;0,09;450;75;529
27.10.2016 17:00;0,07;0,07;440;72;476
27.10.2016 18:00;0,04;0,04;430;48;411
27.10.2016 19:00;0,01;0,01;400;57;379
27.10.2016 20:00;0,01;0,01;360;54;348
27.10.2016 21:00;0;0;360;69;350
27.10.2016 22:00;0,01;0,01;340;54;327
27.10.2016 23:00;0;0;290;54;300
28.10.2016 0:00;0,01;0,01;250;36;278
28.10.2016 1:00;0;0;250;54;288
28.10.2016 2:00;0,01;0,01;250;66;296
28.10.2016 3:00;0;0;240;57;290
28.10.2016 4:00;0;0;260;60;291
28.10.2016 5:00;0;0;280;54;298
28.10.2016 6:00;0,02;0,02;360;51;331
28.10.2016 7:00;0,09;0,09;410;51;406
28.10.2016 8:00;0,55;0,55;450;72;478
28.10.2016 9:00;0,14;0,14;450;57;550
28.10.2016 10:00;0,3;0,3;410;78;633
28.10.2016 11:00;0,33;0,33;380;72;561
28.10.2016 12:00;0,34;0,34;430;84;675
28.10.2016 13:00;0,64;0,64;400;75;610
28.10.2016 14:00;0,77;0,77;350;78;580
28.10.2016 15:00;0,3;0,3;400;78;567
28.10.2016 16:00;0,04;0,04;380;75;496
28.10.2016 17:00;0,02;0,02;390;57;420
28.10.2016 18:00;0,01;0,01;370;75;443
28.10.2016 19:00;0,03;0,03;340;48;416
28.10.2016 20:00;0;0;320;51;365
28.10.2016 21:00;0,04;0,04;330;51;345
28.10.2016 22:00;0;0;380;51;330
28.10.2016 23:00;0;0;350;51;314
29.10.2016 0:00;0;0;290;51;290
29.10.2016 1:00;0;0;280;54;278
29.10.2016 2:00;0;0;280;51;275
29.10.2016 3:00;0;0;280;54;272
29.10.2016 4:00;0;0;340;60;300
29.10.2016 5:00;0;0;310;48;276
29.10.2016 6:00;0;0;320;51;274
29.10.2016 7:00;0;0;320;51;275
29.10.2016 8:00;0,01;0,01;350;54;289
29.10.2016 9:00;0;0;390;51;308
29.10.2016 10:00;0;0;420;57;312
29.10.2016 11:00;0,01;0,01;390;51;306
29.10.2016 12:00;0;0;380;51;321
29.10.2016 13:00;0,01;0,01;390;72;366
29.10.2016 14:00;0,01;0,01;380;57;359
29.10.2016 15:00;0;0;380;75;371
29.10.2016 16:00;0;0;360;78;365
29.10.2016 17:00;0;0;340;51;296
29.10.2016 18:00;0;0;310;51;280
29.10.2016 19:00;0;0;340;48;273
29.10.2016 20:00;0;0;340;42;267
29.10.2016 21:00;0;0;350;45;271
29.10.2016 22:00;0;0;350;51;275
29.10.2016 23:00;0;0;310;54;269
30.10.2016 0:00;0;0;300;51;274
30.10.2016 1:00;0;0;290;51;270
30.10.2016 2:00;0;0;300;48;268
30.10.2016 3:00;0;0;290;51;269
30.10.2016 3:00;0;0;320;33;254
30.10.2016 4:00;0,01;0,01;320;51;265
30.10.2016 5:00;0,08;0,08;310;51;264
30.10.2016 6:00;0,09;0,09;330;57;272
30.10.2016 7:00;0,09;0,09;320;45;255
30.10.2016 8:00;0,09;0,09;370;45;274
30.10.2016 9:00;0,09;0,09;340;57;289
30.10.2016 10:00;0,09;0,09;340;48;272
30.10.2016 11:00;0,1;0,1;310;42;259
30.10.2016 12:00;0,09;0,09;330;66;323
30.10.2016 13:00;0,1;0,1;330;75;346
30.10.2016 14:00;0,1;0,1;320;75;341
30.10.2016 15:00;0,1;0,1;340;54;288
30.10.2016 16:00;0,1;0,1;340;51;280
30.10.2016 17:00;0,1;0,1;340;51;283
30.10.2016 18:00;0,11;0,11;360;51;283
30.10.2016 19:00;0,1;0,1;360;51;276
30.10.2016 20:00;0,11;0,11;370;39;268
30.10.2016 21:00;0,08;0,08;380;42;272
30.10.2016 22:00;0,11;0,11;370;51;279
30.10.2016 23:00;0,11;0,11;330;51;273
31.10.2016 0:00;0,11;0,11;330;51;273
31.10.2016 1:00;0,11;0,11;330;42;260
31.10.2016 2:00;0,1;0,1;340;42;257
31.10.2016 3:00;0,12;0,12;340;42;259
31.10.2016 4:00;0,11;0,11;350;54;266
31.10.2016 5:00;0,11;0,11;390;54;278
31.10.2016 6:00;0,1;0,1;540;51;334
31.10.2016 7:00;0,08;0,08;630;36;390
31.10.2016 8:00;0,37;0,37;620;39;438
31.10.2016 9:00;0,13;0,13;640;69;533
31.10.2016 10:00;0,19;0,19;650;75;598
31.10.2016 11:00;0,21;0,21;640;78;607
31.10.2016 12:00;0,07;0,07;590;78;600
31.10.2016 13:00;0,16;0,16;600;78;598
31.10.2016 14:00;0,76;0,76;640;78;595
31.10.2016 15:00;0,33;0,33;650;75;560
31.10.2016 16:00;0,03;0,03;640;78;558
31.10.2016 17:00;0,01;0,01;600;72;504
31.10.2016 18:00;0,05;0,05;570;81;479
31.10.2016 19:00;0;0;430;48;347
31.10.2016 20:00;0;0;400;51;338
31.10.2016 21:00;0;0;420;54;327
31.10.2016 22:00;0,01;0,01;410;42;300
31.10.2016 23:00;0;0;410;39;300
1.11.2016 0:00;0;0;420;48;303
1.11.2016 1:00;0;0;440;51;323
1.11.2016 2:00;0;0;410;51;294
1.11.2016 3:00;0;0;420;54;308
1.11.2016 4:00;0;0;430;45;292
1.11.2016 5:00;0;0;460;39;320
1.11.2016 6:00;0,02;0,02;610;51;362
1.11.2016 7:00;0,03;0,03;680;51;427
1.11.2016 8:00;0,38;0,38;730;45;466
1.11.2016 9:00;0,1;0,1;710;78;641
1.11.2016 10:00;0,24;0,24;690;51;618
1.11.2016 11:00;0,21;0,21;720;3;568
1.11.2016 12:00;0,26;0,26;660;12;547
1.11.2016 13:00;0,42;0,42;630;105;643
1.11.2016 14:00;0,65;0,65;630;81;612
1.11.2016 15:00;0,19;0,19;630;84;576
1.11.2016 16:00;0,02;0,02;620;84;557
1.11.2016 17:00;0,01;0,01;580;84;533
1.11.2016 18:00;0,01;0,01;530;81;508
1.11.2016 19:00;0;0;440;57;373
1.11.2016 20:00;0;0;430;42;332
1.11.2016 21:00;0;0;420;3;287
1.11.2016 22:00;0;0;400;0;274
1.11.2016 23:00;0;0;390;0;266
2.11.2016 0:00;0;0;380;0;259
2.11.2016 1:00;0;0;380;0;258
2.11.2016 2:00;0;0;380;0;256
2.11.2016 3:00;0;0;390;0;255
2.11.2016 4:00;0;0;390;3;258
2.11.2016 5:00;0;0;450;0;266
2.11.2016 6:00;0,04;0,04;570;0;313
2.11.2016 7:00;0,03;0,03;640;0;388
2.11.2016 8:00;0,38;0,38;660;0;437
2.11.2016 9:00;0,06;0,06;640;0;522
2.11.2016 10:00;0,31;0,31;710;0;600
2.11.2016 11:00;0,28;0,28;710;0;590
2.11.2016 12:00;0,29;0,29;720;3;593
2.11.2016 13:00;0,35;0,35;720;0;589
2.11.2016 14:00;0,74;0,74;720;0;579
2.11.2016 15:00;0,14;0,14;660;0;558
2.11.2016 16:00;0,02;0,02;710;0;535
2.11.2016 17:00;0,01;0,01;750;0;478
2.11.2016 18:00;0,01;0,01;610;0;422
2.11.2016 19:00;0;0;490;3;351
2.11.2016 20:00;0;0;440;0;322
2.11.2016 21:00;0;0;430;0;322
2.11.2016 22:00;0,01;0,01;440;0;306
2.11.2016 23:00;0;0;430;0;296
3.11.2016 0:00;0;0;430;0;301
3.11.2016 1:00;0;0;430;0;295
3.11.2016 2:00;0;0;430;0;294
3.11.2016 3:00;0;0;440;3;298
3.11.2016 4:00;0;0;440;0;294
3.11.2016 5:00;0;0;490;0;305
3.11.2016 6:00;0,02;0,02;660;0;353
3.11.2016 7:00;0,03;0,03;730;0;419
3.11.2016 8:00;0,38;0,38;630;0;482
3.11.2016 9:00;0,2;0,2;650;0;559
3.11.2016 10:00;0,29;0,29;740;0;599
3.11.2016 11:00;0,27;0,27;720;3;593
3.11.2016 12:00;0,23;0,23;710;0;569
3.11.2016 13:00;0,36;0,36;680;0;557
3.11.2016 14:00;0,81;0,81;710;0;555
3.11.2016 15:00;0,1;0,1;680;0;549
3.11.2016 16:00;0,09;0,09;670;0;536
3.11.2016 17:00;0,02;0,02;620;0;428
3.11.2016 18:00;0;0;630;3;390
3.11.2016 19:00;0;0;480;0;343
3.11.2016 20:00;0;0;430;0;316
3.11.2016 21:00;0,01;0,01;430;0;300
3.11.2016 22:00;0;0;430;0;266
3.11.2016 23:00;0;0;430;0;253
4.11.2016 0:00;0;0;420;0;256
4.11.2016 1:00;0;0;420;0;252
4.11.2016 2:00;0;0;420;3;250
4.11.2016 3:00;0;0;430;0;254
4.11.2016 4:00;0;0;420;0;280
4.11.2016 5:00;0,01;0,01;480;0;291
4.11.2016 6:00;0,05;0,05;660;0;339
4.11.2016 7:00;0,04;0,04;690;0;416
4.11.2016 8:00;0,36;0,36;730;0;453
4.11.2016 9:00;0,18;0,18;850;3;549
4.11.2016 10:00;0,04;0,04;760;0;566
4.11.2016 11:00;0,2;0,2;760;0;580
4.11.2016 12:00;0,4;0,4;740;0;574
4.11.2016 13:00;0,25;0,25;730;0;555
4.11.2016 14:00;0,45;0,45;750;0;559
4.11.2016 15:00;0,2;0,2;760;0;549
4.11.2016 16:00;0,01;0,01;740;0;490
4.11.2016 17:00;0,01;0,01;720;3;436
4.11.2016 18:00;0,01;0,01;660;0;396
4.11.2016 19:00;0;0;530;0;351
4.11.2016 20:00;0;0;490;0;327
4.11.2016 21:00;0;0;500;0;313
4.11.2016 22:00;0;0;500;0;297
4.11.2016 23:00;0;0;510;0;288
5.11.2016 0:00;0;0;510;0;289
5.11.2016 1:00;0;0;520;3;285
5.11.2016 2:00;0;0;510;0;285
5.11.2016 3:00;0;0;500;0;284
5.11.2016 4:00;0;0;510;0;285
5.11.2016 5:00;0;0;500;0;284
5.11.2016 6:00;0;0;500;0;284
5.11.2016 7:00;0;0;520;0;277
5.11.2016 8:00;0;0;570;3;297
5.11.2016 9:00;0;0;630;0;322
5.11.2016 10:00;0,01;0,01;640;0;311
5.11.2016 11:00;0;0;600;0;313
5.11.2016 12:00;0,02;0,02;590;0;312
5.11.2016 13:00;0,03;0,03;580;0;310
5.11.2016 14:00;0,01;0,01;590;0;310
5.11.2016 15:00;0,05;0,05;600;0;304
5.11.2016 16:00;0;0;640;3;316
5.11.2016 17:00;0;0;580;0;308
5.11.2016 18:00;0,06;0,06;480;0;288
5.11.2016 19:00;0;0;490;0;269
5.11.2016 20:00;0;0;500;0;262
5.11.2016 21:00;0,09;0,09;480;0;263
5.11.2016 22:00;0,06;0,06;480;0;260
5.11.2016 23:00;0,09;0,09;490;3;252
6.11.2016 0:00;0,09;0,09;510;0;253
6.11.2016 1:00;0,09;0,09;500;0;252
6.11.2016 2:00;0,08;0,08;500;0;251
6.11.2016 3:00;0,09;0,09;500;0;256
6.11.2016 4:00;0,09;0,09;490;0;256
6.11.2016 5:00;0,09;0,09;490;0;249
6.11.2016 6:00;0,09;0,09;510;0;252
6.11.2016 7:00;0,09;0,09;550;3;254
6.11.2016 8:00;0,09;0,09;560;0;253
6.11.2016 9:00;0,09;0,09;570;0;251
6.11.2016 10:00;0,09;0,09;530;0;288
6.11.2016 11:00;0,09;0,09;530;0;287
6.11.2016 12:00;0,08;0,08;510;0;285
6.11.2016 13:00;0,09;0,09;510;0;282
6.11.2016 14:00;0,09;0,09;510;3;285
6.11.2016 15:00;0,09;0,09;520;0;288
6.11.2016 16:00;0,09;0,09;510;0;291
6.11.2016 17:00;0,1;0,1;510;0;296
6.11.2016 18:00;0,09;0,09;510;0;294
6.11.2016 19:00;0,09;0,09;500;0;282
6.11.2016 20:00;0,09;0,09;510;0;278
6.11.2016 21:00;0,09;0,09;500;0;280
6.11.2016 22:00;0,09;0,09;500;3;273
6.11.2016 23:00;0,08;0,08;510;0;265
7.11.2016 0:00;0,09;0,09;500;0;279
7.11.2016 1:00;0,09;0,09;510;0;276
7.11.2016 2:00;0,09;0,09;490;0;280
7.11.2016 3:00;0,09;0,09;480;0;279
7.11.2016 4:00;0,09;0,09;490;0;274
7.11.2016 5:00;0,09;0,09;540;0;293
7.11.2016 6:00;0,07;0,07;700;3;338
7.11.2016 7:00;0,06;0,06;700;0;417
7.11.2016 8:00;0,48;0,48;760;0;471
7.11.2016 9:00;0,08;0,08;780;0;560
7.11.2016 10:00;0,33;0,33;850;39;641
7.11.2016 11:00;0,29;0,29;830;75;665
7.11.2016 12:00;0,22;0,22;760;78;649
7.11.2016 13:00;0,07;0,07;720;75;641
7.11.2016 14:00;1,19;1,19;770;75;642
7.11.2016 15:00;0,27;0,27;650;78;632
7.11.2016 16:00;0,02;0,02;690;75;620
7.11.2016 17:00;0,02;0,02;760;78;563
7.11.2016 18:00;0,13;0,13;770;30;468
7.11.2016 19:00;0;0;580;0;364
7.11.2016 20:00;0;0;520;0;331
7.11.2016 21:00;0;0;510;0;323
7.11.2016 22:00;0;0;520;0;310
7.11.2016 23:00;0;0;500;0;307
8.11.2016 0:00;0;0;510;0;306
8.11.2016 1:00;0;0;520;3;295
8.11.2016 2:00;0;0;510;0;272
8.11.2016 3:00;0;0;510;0;268
8.11.2016 4:00;0;0;510;0;268
8.11.2016 5:00;0;0;500;0;285
8.11.2016 6:00;0,07;0,07;490;0;326
8.11.2016 7:00;0,03;0,03;850;0;410
8.11.2016 8:00;0,4;0,4;920;3;451
8.11.2016 9:00;0,12;0,12;930;0;530
8.11.2016 10:00;0,34;0,34;900;0;565
8.11.2016 11:00;0,2;0,2;960;0;577
8.11.2016 12:00;0,3;0,3;350;0;551
8.11.2016 13:00;0,22;0,22;850;0;529
8.11.2016 14:00;1,55;1,55;1000;0;547
8.11.2016 15:00;0,77;0,77;950;0;532
8.11.2016 16:00;0,01;0,01;930;3;517
8.11.2016 17:00;0,02;0,02;810;0;463
8.11.2016 18:00;0;0;710;0;435
8.11.2016 19:00;0,01;0,01;530;0;345
8.11.2016 20:00;0;0;460;0;319
8.11.2016 21:00;0;0;460;0;303
8.11.2016 22:00;0,01;0,01;460;0;291
8.11.2016 23:00;0,01;0,01;480;3;307
9.11.2016 0:00;0;0;460;0;307
9.11.2016 1:00;0;0;460;0;315
9.11.2016 2:00;0;0;450;0;308
9.11.2016 3:00;0;0;460;0;309
9.11.2016 4:00;0;0;460;0;314
9.11.2016 5:00;0;0;530;0;321
9.11.2016 6:00;0,01;0,01;740;0;371
9.11.2016 7:00;0,05;0,05;830;3;435
9.11.2016 8:00;0,11;0,11;920;0;471
9.11.2016 9:00;0,44;0,44;820;0;535
9.11.2016 10:00;0,09;0,09;850;0;609
9.11.2016 11:00;0,36;0,36;850;0;596
9.11.2016 12:00;0,52;0,52;820;0;588
9.11.2016 13:00;0,1;0,1;840;0;581
9.11.2016 14:00;1,32;1,32;900;3;576
9.11.2016 15:00;0,53;0,53;870;0;560
9.11.2016 16:00;0,02;0,02;830;0;542
9.11.2016 17:00;0,01;0,01;720;0;506
9.11.2016 18:00;0,01;0,01;650;0;439
9.11.2016 19:00;0;0;510;0;370
9.11.2016 20:00;0;0;480;0;340
9.11.2016 21:00;0;0;480;0;326
9.11.2016 22:00;0;0;460;3;313
9.11.2016 23:00;0;0;460;0;306
10.11.2016 0:00;0;0;480;0;288
10.11.2016 1:00;0;0;480;0;294
10.11.2016 2:00;0;0;460;0;291
10.11.2016 3:00;0;0;450;0;290
10.11.2016 4:00;0;0;450;0;289
10.11.2016 5:00;0;0;560;3;303
10.11.2016 6:00;0,06;0,06;730;0;358
10.11.2016 7:00;0,07;0,07;780;0;414
10.11.2016 8:00;0,33;0,33;890;0;453
10.11.2016 9:00;0,1;0,1;840;0;543
10.11.2016 10:00;0,36;0,36;880;0;590
10.11.2016 11:00;0,29;0,29;950;0;583
10.11.2016 12:00;0,13;0,13;920;0;575
10.11.2016 13:00;0,63;0,63;930;3;569
10.11.2016 14:00;1,6;1,6;980;0;558
10.11.2016 15:00;0,03;0,03;920;0;537
10.11.2016 16:00;0,07;0,07;890;0;526
10.11.2016 17:00;0,01;0,01;780;0;454
10.11.2016 18:00;0,01;0,01;700;0;425
10.11.2016 19:00;0;0;570;0;347
10.11.2016 20:00;0;0;520;0;318
10.11.2016 21:00;0,01;0,01;540;3;307
10.11.2016 22:00;0;0;530;0;282
10.11.2016 23:00;0;0;540;0;280
11.11.2016 0:00;0;0;550;0;281
11.11.2016 1:00;0;0;540;0;281
11.11.2016 2:00;0;0;560;0;279
11.11.2016 3:00;0;0;570;0;277
11.11.2016 4:00;0;0;590;3;270
11.11.2016 5:00;0;0;650;0;287
11.11.2016 6:00;0,01;0,01;890;0;334
11.11.2016 7:00;0,04;0,04;1010;0;410
11.11.2016 8:00;0,47;0,47;1150;0;477
11.11.2016 9:00;0,12;0,12;1120;0;563
11.11.2016 10:00;0,52;0,52;1080;0;581
11.11.2016 11:00;0,11;0,11;990;0;594
11.11.2016 12:00;0,54;0,54;990;3;587
11.11.2016 13:00;0,06;0,06;930;0;571
11.11.2016 14:00;1,58;1,58;960;0;569
11.11.2016 15:00;0,68;0,68;930;0;543
11.11.2016 16:00;0,02;0,02;960;0;450
11.11.2016 17:00;0,01;0,01;820;0;402
11.11.2016 18:00;0,01;0,01;760;0;388
11.11.2016 19:00;0;0;620;0;341
11.11.2016 20:00;0;0;570;3;322
11.11.2016 21:00;0;0;560;0;311
11.11.2016 22:00;0;0;580;0;300
11.11.2016 23:00;0;0;590;0;287
12.11.2016 0:00;0;0;580;0;284
12.11.2016 1:00;0;0;550;0;287
12.11.2016 2:00;0;0;550;0;284
12.11.2016 3:00;0;0;540;3;286
12.11.2016 4:00;0;0;570;0;280
12.11.2016 5:00;0;0;560;0;282
12.11.2016 6:00;0;0;550;0;288
12.11.2016 7:00;0,01;0,01;530;0;290
12.11.2016 8:00;0;0;620;0;311
12.11.2016 9:00;0,06;0,06;700;0;340
12.11.2016 10:00;0,05;0,05;650;0;349
12.11.2016 11:00;0;0;650;3;347
12.11.2016 12:00;0,06;0,06;440;0;320
12.11.2016 13:00;0,01;0,01;440;0;314
12.11.2016 14:00;0;0;470;0;313
12.11.2016 15:00;0;0;520;0;320
12.11.2016 16:00;0;0;440;0;316
12.11.2016 17:00;0,02;0,02;530;0;315
12.11.2016 18:00;0;0;430;3;290
12.11.2016 19:00;0;0;410;0;285
12.11.2016 20:00;0;0;420;0;297
12.11.2016 21:00;0;0;430;0;294
12.11.2016 22:00;0;0;400;0;289
12.11.2016 23:00;0;0;360;0;279
13.11.2016 0:00;0;0;350;0;279
13.11.2016 1:00;0;0;340;0;279
13.11.2016 2:00;0;0;360;3;282
13.11.2016 3:00;0;0;310;0;279
13.11.2016 4:00;0;0;310;0;276
13.11.2016 5:00;0;0;310;0;263
13.11.2016 6:00;0;0;300;0;250
13.11.2016 7:00;0;0;320;0;279
13.11.2016 8:00;0;0;380;0;291
13.11.2016 9:00;0,01;0,01;360;3;311
13.11.2016 10:00;0;0;350;0;307
13.11.2016 11:00;0,07;0,07;330;0;281
13.11.2016 12:00;0;0;340;0;260
13.11.2016 13:00;0,01;0,01;430;0;277
13.11.2016 14:00;0,05;0,05;390;0;279
13.11.2016 15:00;0;0;380;0;274
13.11.2016 16:00;0;0;400;0;316
13.11.2016 17:00;0,01;0,01;420;3;319
13.11.2016 18:00;0;0;350;0;305
13.11.2016 19:00;0;0;430;0;322
13.11.2016 20:00;0;0;400;0;307
13.11.2016 21:00;0;0;350;0;285
13.11.2016 22:00;0;0;340;0;286
13.11.2016 23:00;0;0;360;0;282
14.11.2016 0:00;0;0;350;3;282
14.11.2016 1:00;0;0;360;0;286
14.11.2016 2:00;0;0;360;0;287
14.11.2016 3:00;0;0;370;0;287
14.11.2016 4:00;0;0;360;0;286
14.11.2016 5:00;0,01;0,01;440;0;300
14.11.2016 6:00;0,03;0,03;710;0;369
14.11.2016 7:00;0,02;0,02;870;0;460
14.11.2016 8:00;0,44;0,44;940;3;513
14.11.2016 9:00;0,2;0,2;910;0;586
14.11.2016 10:00;0,79;0,79;830;0;666
14.11.2016 11:00;0,79;0,79;850;0;673
14.11.2016 12:00;0,28;0,28;800;0;654
14.11.2016 13:00;1,68;1,68;840;0;656
14.11.2016 14:00;2,37;2,37;890;0;631
14.11.2016 15:00;0,26;0,26;810;0;599
14.11.2016 16:00;0,08;0,08;790;3;582
14.11.2016 17:00;0,05;0,05;700;0;519
14.11.2016 18:00;0,09;0,09;650;0;482
14.11.2016 19:00;0,07;0,07;520;0;381
14.11.2016 20:00;0,07;0,07;390;0;347
14.11.2016 21:00;0;0;410;0;332
14.11.2016 22:00;0;0;360;0;301
14.11.2016 23:00;0;0;330;3;293
15.11.2016 0:00;0;0;330;0;295
15.11.2016 1:00;0,01;0,01;330;0;295
15.11.2016 2:00;0;0;370;0;296
15.11.2016 3:00;0;0;390;0;300
15.11.2016 4:00;0;0;380;0;298
15.11.2016 5:00;0;0;430;0;308
15.11.2016 6:00;0,04;0,04;580;0;369
15.11.2016 7:00;0,13;0,13;720;3;472
15.11.2016 8:00;0,71;0,71;790;0;502
15.11.2016 9:00;0,27;0,27;740;0;614
15.11.2016 10:00;0,17;0,17;740;0;657
15.11.2016 11:00;0,37;0,37;760;42;693
15.11.2016 12:00;0,18;0,18;740;75;735
15.11.2016 13:00;0,48;0,48;750;75;680
15.11.2016 14:00;1,12;1,12;810;78;677
15.11.2016 15:00;1,01;1,01;830;78;662
15.11.2016 16:00;0,07;0,07;740;75;645
15.11.2016 17:00;0,04;0,04;660;75;622
15.11.2016 18:00;0,02;0,02;530;75;603
15.11.2016 19:00;0,01;0,01;390;75;526
15.11.2016 20:00;0,01;0,01;320;21;348
15.11.2016 21:00;0;0;300;0;276
15.11.2016 22:00;0;0;300;3;261
15.11.2016 23:00;0;0;310;0;255
16.11.2016 0:00;0,01;0,01;310;0;253
16.11.2016 1:00;0;0;320;0;253
16.11.2016 2:00;0;0;320;0;254
16.11.2016 3:00;0;0;310;0;255
16.11.2016 4:00;0;0;310;0;254
16.11.2016 5:00;0;0;370;3;268
16.11.2016 6:00;0,14;0,14;510;0;314
16.11.2016 7:00;0,06;0,06;650;0;379
16.11.2016 8:00;0,13;0,13;750;0;430
16.11.2016 9:00;0,13;0,13;690;0;539
16.11.2016 10:00;0,46;0,46;780;0;591
16.11.2016 11:00;0,17;0,17;770;0;579
16.11.2016 12:00;0,14;0,14;740;0;557
16.11.2016 13:00;0,25;0,25;740;3;532
16.11.2016 14:00;1,55;1,55;820;0;499
16.11.2016 15:00;1,21;1,21;810;0;471
16.11.2016 16:00;0,08;0,08;760;0;431
16.11.2016 17:00;0,08;0,08;660;0;371
16.11.2016 18:00;0,11;0,11;590;0;348
16.11.2016 19:00;0,01;0,01;460;0;312
16.11.2016 20:00;0;0;290;3;283
16.11.2016 21:00;0;0;280;0;273
16.11.2016 22:00;0;0;290;0;257
16.11.2016 23:00;0;0;290;0;254
17.11.2016 0:00;0,01;0,01;280;0;250
17.11.2016 1:00;0;0;290;0;248
17.11.2016 2:00;0;0;300;0;249
17.11.2016 3:00;0;0;260;3;249
17.11.2016 4:00;0;0;290;0;244
17.11.2016 5:00;0;0;320;0;259
17.11.2016 6:00;0,04;0,04;430;0;314
17.11.2016 7:00;0,08;0,08;470;0;387
17.11.2016 8:00;0,87;0,87;590;0;482
17.11.2016 9:00;1,13;1,13;660;0;603
17.11.2016 10:00;1;1;640;0;616
17.11.2016 11:00;1,95;1,95;650;3;611
17.11.2016 12:00;2,4;2,4;680;0;604
17.11.2016 13:00;2,41;2,41;670;0;598
17.11.2016 14:00;2,51;2,51;640;0;583
17.11.2016 15:00;1,14;1,14;560;0;544
17.11.2016 16:00;0,13;0,13;510;0;519
17.11.2016 17:00;0,07;0,07;430;0;452
17.11.2016 18:00;0,01;0,01;370;0;392
17.11.2016 19:00;0,01;0,01;310;3;338
17.11.2016 20:00;0;0;250;0;293
17.11.2016 21:00;0;0;250;0;280
17.11.2016 22:00;0;0;260;0;263
17.11.2016 23:00;0;0;250;0;252
18.11.2016 0:00;0;0;250;0;250
18.11.2016 1:00;0;0;250;0;246
18.11.2016 2:00;0;0;260;3;245
18.11.2016 3:00;0;0;250;0;245
18.11.2016 4:00;0;0;260;0;247
18.11.2016 5:00;0;0;300;0;262
18.11.2016 6:00;0,11;0,11;400;0;319
18.11.2016 7:00;0,12;0,12;520;0;416
18.11.2016 8:00;0,49;0,49;580;0;470
18.11.2016 9:00;0,11;0,11;580;0;496
18.11.2016 10:00;1,2;1,2;630;3;556
18.11.2016 11:00;1,17;1,17;620;0;599
18.11.2016 12:00;0,52;0,52;630;0;606
18.11.2016 13:00;0,69;0,69;590;0;587
18.11.2016 14:00;2,45;2,45;670;0;575
18.11.2016 15:00;0,53;0,53;560;0;529
18.11.2016 16:00;0,04;0,04;500;0;471
18.11.2016 17:00;0,01;0,01;430;3;441
18.11.2016 18:00;0,02;0,02;380;0;379
18.11.2016 19:00;0,01;0,01;320;0;324
18.11.2016 20:00;0;0;260;0;280
18.11.2016 21:00;0;0;260;0;273
18.11.2016 22:00;0,01;0,01;260;0;252
18.11.2016 23:00;0;0;250;0;246
19.11.2016 0:00;0;0;240;0;247
19.11.2016 1:00;0;0;240;3;242
19.11.2016 2:00;0;0;230;0;242
19.11.2016 3:00;0,01;0,01;230;0;242
19.11.2016 4:00;0;0;230;0;240
19.11.2016 5:00;0;0;230;0;238
19.11.2016 6:00;0;0;240;0;242
19.11.2016 7:00;0;0;240;0;246
19.11.2016 8:00;0;0;250;0;260
19.11.2016 9:00;0;0;340;3;290
19.11.2016 10:00;0;0;310;0;282
19.11.2016 11:00;0;0;280;0;271
19.11.2016 12:00;0;0;250;0;268
19.11.2016 13:00;0;0;260;0;263
19.11.2016 14:00;0;0;270;0;270
19.11.2016 15:00;0,01;0,01;270;0;273
19.11.2016 16:00;0;0;280;3;272
19.11.2016 17:00;0;0;280;0;268
19.11.2016 18:00;0;0;260;0;256
19.11.2016 19:00;0;0;240;0;241
19.11.2016 20:00;0;0;240;0;238
19.11.2016 21:00;0;0;260;0;238
19.11.2016 22:00;0;0;250;0;240
19.11.2016 23:00;0;0;250;0;239
20.11.2016 0:00;0;0;250;3;240
20.11.2016 1:00;0;0;260;0;238
20.11.2016 2:00;0,01;0,01;270;0;240
20.11.2016 3:00;0,02;0,02;260;0;239
20.11.2016 4:00;0,08;0,08;260;0;237
20.11.2016 5:00;0,07;0,07;260;0;237
20.11.2016 6:00;0,08;0,08;260;0;239
20.11.2016 7:00;0,07;0,07;280;3;243
20.11.2016 8:00;0,08;0,08;290;0;246
20.11.2016 9:00;0,07;0,07;290;0;247
20.11.2016 10:00;0,08;0,08;290;0;246
20.11.2016 11:00;0,08;0,08;280;0;243
20.11.2016 12:00;0,08;0,08;260;0;243
20.11.2016 13:00;0,07;0,07;250;0;244
20.11.2016 14:00;0,08;0,08;260;0;247
20.11.2016 15:00;0,07;0,07;250;3;244
20.11.2016 16:00;0,07;0,07;260;0;245
20.11.2016 17:00;0,08;0,08;250;0;243
20.11.2016 18:00;0,07;0,07;250;0;241
20.11.2016 19:00;0,07;0,07;260;0;238
20.11.2016 20:00;0,07;0,07;260;0;239
20.11.2016 21:00;0,08;0,08;260;0;241
20.11.2016 22:00;0,07;0,07;260;0;239
20.11.2016 23:00;0,08;0,08;250;3;237
21.11.2016 0:00;0,07;0,07;270;0;239
21.11.2016 1:00;0,08;0,08;260;0;243
21.11.2016 2:00;0,08;0,08;270;0;241
21.11.2016 3:00;0,07;0,07;260;0;240
21.11.2016 4:00;0,08;0,08;260;0;239
21.11.2016 5:00;0,07;0,07;290;0;251
21.11.2016 6:00;0,07;0,07;390;3;297
21.11.2016 7:00;0,03;0,03;500;0;397
21.11.2016 8:00;0,08;0,08;510;0;453
21.11.2016 9:00;0,5;0,5;520;0;518
21.11.2016 10:00;2,17;2,17;580;0;592
21.11.2016 11:00;0,77;0,77;490;0;553
21.11.2016 12:00;0,21;0,21;470;0;563
21.11.2016 13:00;0,34;0,34;480;0;556
21.11.2016 14:00;2,28;2,28;580;3;535
21.11.2016 15:00;1,24;1,24;540;0;511
21.11.2016 16:00;0,09;0,09;480;0;448
21.11.2016 17:00;0,05;0,05;400;0;394
21.11.2016 18:00;0,09;0,09;360;0;370
21.11.2016 19:00;0;0;300;0;324
21.11.2016 20:00;0,01;0,01;240;0;285
21.11.2016 21:00;0;0;230;0;269
21.11.2016 22:00;0;0;220;3;255
21.11.2016 23:00;0;0;230;0;245
22.11.2016 0:00;0;0;230;0;237
22.11.2016 1:00;0;0;230;0;237
22.11.2016 2:00;0;0;230;0;235
22.11.2016 3:00;0;0;230;0;236
22.11.2016 4:00;0;0;240;0;238
22.11.2016 5:00;0,01;0,01;270;3;252
22.11.2016 6:00;0,09;0,09;390;0;320
22.11.2016 7:00;0,35;0,35;450;0;410
22.11.2016 8:00;0,29;0,29;650;0;431
22.11.2016 9:00;0,5;0,5;590;0;484
22.11.2016 10:00;1,9;1,9;720;0;584
22.11.2016 11:00;0,35;0,35;630;0;592
22.11.2016 12:00;0,29;0,29;550;0;630
22.11.2016 13:00;0,34;0,34;610;3;619
22.11.2016 14:00;1,3;1,3;620;0;588
22.11.2016 15:00;1,79;1,79;630;0;553
22.11.2016 16:00;0,11;0,11;680;0;526
22.11.2016 17:00;0,05;0,05;650;0;474
22.11.2016 18:00;0,03;0,03;560;0;387
22.11.2016 19:00;0,01;0,01;420;0;375
22.11.2016 20:00;0,02;0,02;350;0;355
22.11.2016 21:00;0;0;280;3;330
22.11.2016 22:00;0;0;340;0;286
22.11.2016 23:00;0;0;310;0;282
23.11.2016 0:00;0;0;340;0;282
23.11.2016 1:00;0;0;330;0;280
23.11.2016 2:00;0;0;330;0;278
23.11.2016 3:00;0;0;330;0;279
23.11.2016 4:00;0;0;320;3;277
23.11.2016 5:00;0;0;370;0;289
23.11.2016 6:00;0,08;0,08;450;0;369
23.11.2016 7:00;0,06;0,06;510;0;460
23.11.2016 8:00;0,69;0,69;550;0;505
23.11.2016 9:00;0,15;0,15;600;0;550
23.11.2016 10:00;0,47;0,47;600;0;616
23.11.2016 11:00;0,27;0,27;610;0;601
23.11.2016 12:00;0,24;0,24;570;3;610
23.11.2016 13:00;0,29;0,29;560;0;644
23.11.2016 14:00;1,41;1,41;650;0;621
23.11.2016 15:00;1,15;1,15;690;0;591
23.11.2016 16:00;0,13;0,13;620;0;568
23.11.2016 17:00;0,05;0,05;570;0;497
23.11.2016 18:00;0,01;0,01;450;0;426
23.11.2016 19:00;0,01;0,01;420;0;387
23.11.2016 20:00;0;0;300;3;354
23.11.2016 21:00;0;0;300;0;333
23.11.2016 22:00;0;0;310;0;301
23.11.2016 23:00;0;0;300;0;293
24.11.2016 0:00;0;0;310;0;285
;;;;;
